﻿计算负载,核函数名,变量名,预分配空间大小,数据块大小,访存次数,访存步长和占比,访存密度,访存空间局部性,访存策略名,line,set
MINI_DATASET,convolution2D_kernel,B,9116,174428,1044484,1(99.90%),5.988052,0.367512,CACHE_SINGLE,13,0
MINI_DATASET,convolution2D_kernel,A,52323,182628,9400356,1(66.70%);1022(22.20%);2049(11.10%),51.472699,0.245376,CACHE_SINGLE,15,0
SMALL_DATASET,convolution2D_kernel,B,8949,698376,4186116,1(100.00%),5.994072,0.367879,CACHE_SINGLE,13,0
SMALL_DATASET,convolution2D_kernel,A,52490,714768,37675044,1(66.70%);2046(22.20%);4097(11.10%),52.709472,0.245376,CACHE_SINGLE,15,0
STANDARD_DATASET,convolution2D_kernel,B,8861,2794844,16760836,1(100.00%),5.997056,0.367879,CACHE_SINGLE,13,0
STANDARD_DATASET,convolution2D_kernel,A,52578,2827620,150847524,1(66.70%);4094(22.20%);8193(11.10%),53.347877,0.245376,CACHE_SINGLE,15,0
LARGE_DATASET,convolution2D_kernel,B,8817,11182088,67076100,1(100.00%),5.998531,0.367879,CACHE_SINGLE,13,0
LARGE_DATASET,convolution2D_kernel,A,52622,11247632,603684900,1(66.70%);8190(22.20%);16385(11.10%),53.672177,0.245376,CACHE_SINGLE,15,0
EXTRALARGE_DATASET,convolution2D_kernel,B,8795,44733788,268369924,1(100.00%),5.999267,0.367879,CACHE_SINGLE,13,0
EXTRALARGE_DATASET,convolution2D_kernel,A,52644,44864868,2415329316,1(66.70%);16382(22.20%);32769(11.10%),53.83565,0.245376,CACHE_SINGLE,15,0