﻿计算负载,核函数名,变量名,预分配空间大小,数据块大小,访存次数,访存步长和占比,访存密度,访存空间局部性,访存策略名,line,set
MINI_DATASET,mm2_kernel1,B,680,1179648,56623104,1(99.80%),48.000000,0.367144,CACHE_SINGLE,9,0
MINI_DATASET,mm2_kernel1,A,44351,49152,56623104,0(99.70%),1152.000000,0.997000,CACHE_SINGLE,15,0
MINI_DATASET,mm2_kernel1,tmp,16407,49152,56770560,1(100.00%),1155.000000,0.367879,CACHE_SINGLE,14,0
MINI_DATASET,mm2_kernel2,C,680,1179648,56623104,1(99.80%),48.000000,0.367144,CACHE_SINGLE,9,0
MINI_DATASET,mm2_kernel2,D,16407,49152,56770560,1(100.00%),1155.000000,0.367879,CACHE_SINGLE,14,0
MINI_DATASET,mm2_kernel2,tmp,44351,49152,56623104,0(99.70%),1152.000000,0.997000,CACHE_SINGLE,15,0
SMALL_DATASET,mm2_kernel1,B,717,2097152,134217728,1(99.80%),64.000000,0.367144,CACHE_SINGLE,9,0
SMALL_DATASET,mm2_kernel1,A,43429,94208,134217728,0(99.80%),1424.695652,0.998000,CACHE_SINGLE,15,0
SMALL_DATASET,mm2_kernel1,tmp,17292,87384,134479872,1(100.00%),1538.953035,0.367879,CACHE_SINGLE,14,0
SMALL_DATASET,mm2_kernel2,C,717,2097152,134217728,1(99.80%),64.000000,0.367144,CACHE_SINGLE,9,0
SMALL_DATASET,mm2_kernel2,D,17292,87384,134479872,1(100.00%),1538.953035,0.367879,CACHE_SINGLE,14,0
SMALL_DATASET,mm2_kernel2,tmp,43429,94208,134217728,0(99.80%),1424.695652,0.998000,CACHE_SINGLE,15,0
STANDARD_DATASET,mm2_kernel1,B,704,3276800,262144000,1(99.80%),80.000000,0.367144,CACHE_SINGLE,9,0
STANDARD_DATASET,mm2_kernel1,A,43768,143360,262144000,0(99.80%),1828.571429,0.998000,CACHE_SINGLE,15,0
STANDARD_DATASET,mm2_kernel1,tmp,16966,136536,262553600,1(100.00%),1922.962442,0.367879,CACHE_SINGLE,14,0
STANDARD_DATASET,mm2_kernel2,C,704,3276800,262144000,1(99.80%),80.000000,0.367144,CACHE_SINGLE,9,0
STANDARD_DATASET,mm2_kernel2,D,16966,136536,262553600,1(100.00%),1922.962442,0.367879,CACHE_SINGLE,14,0
STANDARD_DATASET,mm2_kernel2,tmp,43768,143360,262144000,0(99.80%),1828.571429,0.998000,CACHE_SINGLE,15,0
LARGE_DATASET,mm2_kernel1,B,680,4718592,452984832,1(99.90%),96.000000,0.367512,CACHE_SINGLE,9,0
LARGE_DATASET,mm2_kernel1,A,44391,196608,452984832,0(99.90%),2304.000000,0.999000,CACHE_SINGLE,15,0
LARGE_DATASET,mm2_kernel1,tmp,16368,196608,453574656,1(100.00%),2307.000000,0.367879,CACHE_SINGLE,13,0
LARGE_DATASET,mm2_kernel2,C,680,4718592,452984832,1(99.90%),96.000000,0.367512,CACHE_SINGLE,9,0
LARGE_DATASET,mm2_kernel2,D,16368,196608,453574656,1(100.00%),2307.000000,0.367879,CACHE_SINGLE,13,0
LARGE_DATASET,mm2_kernel2,tmp,44391,196608,452984832,0(99.90%),2304.000000,0.999000,CACHE_SINGLE,15,0
EXTRALARGE_DATASET,mm2_kernel1,B,702,6422528,719323136,1(99.90%),112.000000,0.367512,CACHE_SINGLE,9,0
EXTRALARGE_DATASET,mm2_kernel1,A,43850,279552,719323136,0(99.90%),2573.128205,0.999000,CACHE_SINGLE,15,0
EXTRALARGE_DATASET,mm2_kernel1,tmp,16887,267608,720125952,1(100.00%),2690.973185,0.367879,CACHE_SINGLE,14,0
EXTRALARGE_DATASET,mm2_kernel2,C,702,6422528,719323136,1(99.90%),112.000000,0.367512,CACHE_SINGLE,9,0
EXTRALARGE_DATASET,mm2_kernel2,D,16887,267608,720125952,1(100.00%),2690.973185,0.367879,CACHE_SINGLE,14,0
EXTRALARGE_DATASET,mm2_kernel2,tmp,43850,279552,719323136,0(99.90%),2573.128205,0.999000,CACHE_SINGLE,15,0
