﻿计算负载,核函数名,变量名,预分配空间大小,数据块大小,访存次数,访存步长和占比,访存密度,访存空间局部性,访存策略名,line,set
MINI_DATASET,convolution3D_kernel,B,49688,676,238328,1(97.80%),352.556213,0.359786,CACHE_BULK,676,0
MINI_DATASET,convolution3D_kernel,A,60764,33964,3574920,64(40.00%);0(26.70%);2(13.30%),105.256154,0.285000,CACHE_BULK,33964,0
SMALL_DATASET,convolution3D_kernel,B,49703,2712,2000376,1(99.00%),737.601770,0.364201,CACHE_BULK,2712,0
SMALL_DATASET,convolution3D_kernel,A,58728,134816,30005640,128(40.00%);0(26.70%);2(13.30%),222.567351,0.285000,CACHE_SINGLE,15,0
STANDARD_DATASET,convolution3D_kernel,B,49693,10884,16387064,1(99.60%),1505.610437,0.366408,CACHE_BULK,10884,0
STANDARD_DATASET,convolution3D_kernel,A,50556,537228,245805960,256(40.00%);0(26.70%);2(13.30%),457.544953,0.285000,CACHE_SINGLE,15,0
LARGE_DATASET,convolution3D_kernel,B,49679,43608,132651000,1(99.80%),3041.895982,0.367144,CACHE_BULK,43608,0
LARGE_DATASET,convolution3D_kernel,A,17832,2144864,1989765000,512(40.00%);0(26.70%);2(13.30%),927.688189,0.285000,CACHE_SINGLE,14,0
EXTRALARGE_DATASET,convolution3D_kernel,B,49670,174596,1067462648,1(99.90%),6113.900937,0.367512,CACHE_SINGLE,15,0
EXTRALARGE_DATASET,convolution3D_kernel,A,11769,8571404,16011939720,1024(40.00%);0(26.70%);2(13.30%),1868.064989,0.285000,CACHE_SINGLE,13,0
