﻿计算负载,核函数名,变量名,预分配空间大小,数据块大小,访存次数,访存步长和占比,访存密度,访存空间局部性,访存策略名,line,set
MINI_DATASET,adi_kernel1,A,24365,22520,195840,0(66.70%);1(33.20%),8.69627,0.789136,CACHE_BULK,22520,0
MINI_DATASET,adi_kernel1,B,22704,22528,261120,1(74.90%);0(25.00%),11.590909,0.525542,CACHE_BULK,22528,0
MINI_DATASET,adi_kernel1,X,16392,22528,195840,0(33.30%);1(33.30%);2(33.20%),8.693182,0.500435,CACHE_SINGLE,14,0
SMALL_DATASET,adi_kernel1,X,15444,90112,784896,0(33.30%);1(33.30%);2(33.30%),8.710227,0.500571,CACHE_SINGLE,13,0
SMALL_DATASET,adi_kernel1,B,21634,90112,1046528,1(75.00%);0(25.00%),11.613636,0.52591,CACHE_SINGLE,14,0
SMALL_DATASET,adi_kernel1,A,24360,90104,784896,0(66.70%);1(33.30%),8.711001,0.789504,CACHE_SINGLE,14,0
STANDARD_DATASET,adi_kernel1,X,15444,352256,3142656,0(33.30%);1(33.30%);2(33.30%),8.921512,0.500571,CACHE_SINGLE,13,0
STANDARD_DATASET,adi_kernel1,B,21635,352256,4190208,1(75.00%);0(25.00%),11.895349,0.52591,CACHE_SINGLE,14,0
STANDARD_DATASET,adi_kernel1,A,24360,352248,3142656,0(66.70%);1(33.30%),8.921714,0.789504,CACHE_SINGLE,14,0
LARGE_DATASET,adi_kernel1,X,15444,1409024,12576768,0(33.30%);1(33.30%);2(33.30%),8.925872,0.500571,CACHE_SINGLE,13,0
LARGE_DATASET,adi_kernel1,B,21635,1409024,16769024,1(75.00%);0(25.00%),11.901163,0.52591,CACHE_SINGLE,14,0
LARGE_DATASET,adi_kernel1,A,24359,1409016,12576768,0(66.70%);1(33.30%),8.925923,0.789504,CACHE_SINGLE,14,0
EXTRALARGE_DATASET,adi_kernel1,X,15444,5603328,50319360,0(33.30%);1(33.30%);2(33.30%),8.980263,0.500571,CACHE_SINGLE,13,0
EXTRALARGE_DATASET,adi_kernel1,B,21635,5603328,67092480,1(75.00%);0(25.00%),11.973684,0.52591,CACHE_SINGLE,14,0
EXTRALARGE_DATASET,adi_kernel1,A,24359,5603320,50319360,0(66.70%);1(33.30%),8.980276,0.789504,CACHE_SINGLE,14,0
MINI_DATASET,adi_kernel2,X,56578,20488,512,0(54.70%);256(45.30%),0.02499,0.547,CACHE_BULK,20488,0
MINI_DATASET,adi_kernel2,B,40952,20488,256,256(90.60%);0(9.40%),0.012495,0.094,CACHE_BULK,20488,0
SMALL_DATASET,adi_kernel2,B,0,86024,512,512(95.30%),0.005952,0,CACHE_UNSUITABLE,0,0
SMALL_DATASET,adi_kernel2,X,61440,86024,1024,0(52.40%);512(47.60%),0.011904,0.524,CACHE_SINGLE,15,0
STANDARD_DATASET,adi_kernel2,B,0,344072,1024,1024(97.70%),0.002976,0,CACHE_UNSUITABLE,0,0
STANDARD_DATASET,adi_kernel2,X,61440,344072,2048,0(51.20%);1024(48.80%),0.005952,0.512,CACHE_SINGLE,15,0
LARGE_DATASET,adi_kernel2,B,0,1392648,2048,2048(98.80%),0.001471,0,CACHE_UNSUITABLE,0,0
LARGE_DATASET,adi_kernel2,X,61440,1392648,4096,0(50.60%);2048(49.40%),0.002941,0.506,CACHE_SINGLE,15,0
EXTRALARGE_DATASET,adi_kernel2,B,0,5570568,4096,4096(99.40%),0.000735,0,CACHE_UNSUITABLE,0,0
EXTRALARGE_DATASET,adi_kernel2,X,61440,5570568,8192,0(50.30%);4096(49.70%),0.001471,0.503,CACHE_SINGLE,15,0
MINI_DATASET,adi_kernel3,X,46890,22520,195072,0(66.50%);1(33.30%),8.662167,0.787504,CACHE_BULK,22520,0
MINI_DATASET,adi_kernel3,B,19460,22512,65024,1(99.60%),2.888415,0.366408,CACHE_SINGLE,14,0
MINI_DATASET,adi_kernel3,A,19460,22512,65024,1(99.60%),2.888415,0.366408,CACHE_SINGLE,14,0
SMALL_DATASET,adi_kernel3,X,46884,90104,783360,0(66.60%);1(33.30%),8.693954,0.788504,CACHE_SINGLE,15,0
SMALL_DATASET,adi_kernel3,B,7277,90096,261120,1(99.80%),2.898242,0.367144,CACHE_SINGLE,12,0
SMALL_DATASET,adi_kernel3,A,7277,90096,261120,1(99.80%),2.898242,0.367144,CACHE_SINGLE,12,0
STANDARD_DATASET,adi_kernel3,X,46874,352248,3139584,0(66.60%);1(33.30%),8.912993,0.788504,CACHE_SINGLE,15,0
STANDARD_DATASET,adi_kernel3,B,7282,352240,1046528,1(99.90%),2.971065,0.367512,CACHE_SINGLE,12,0
STANDARD_DATASET,adi_kernel3,A,7282,352240,1046528,1(99.90%),2.971065,0.367512,CACHE_SINGLE,12,0
LARGE_DATASET,adi_kernel3,X,46877,1409016,12570624,0(66.70%);1(33.30%),8.921562,0.789504,CACHE_SINGLE,15,0
LARGE_DATASET,adi_kernel3,B,7281,1409008,4190208,1(100.00%),2.973871,0.367879,CACHE_SINGLE,12,0
LARGE_DATASET,adi_kernel3,A,7281,1409008,4190208,1(100.00%),2.973871,0.367879,CACHE_SINGLE,12,0
EXTRALARGE_DATASET,adi_kernel3,X,46877,5603320,50307072,0(66.70%);1(33.30%),8.978083,0.789504,CACHE_SINGLE,15,0
EXTRALARGE_DATASET,adi_kernel3,B,7281,5603312,16769024,1(100.00%),2.992699,0.367879,CACHE_SINGLE,12,0
EXTRALARGE_DATASET,adi_kernel3,A,7281,5603312,16769024,1(100.00%),2.992699,0.367879,CACHE_SINGLE,12,0
MINI_DATASET,adi_kernel4,A,58916,88,195840,0(69.80%);1(30.20%),2225.454545,0.8091,CACHE_BULK,88,0
MINI_DATASET,adi_kernel4,X,26621,2136,195840,0(36.50%);256(33.30%);257(30.20%),91.685393,0.365,CACHE_BULK,2136,0
MINI_DATASET,adi_kernel4,B,34730,2136,261120,256(50.00%);0(27.40%);1(22.60%),122.247191,0.357141,CACHE_BULK,2136,0
SMALL_DATASET,adi_kernel4,A,58963,176,784896,0(68.30%);1(31.70%),4459.636364,0.799618,CACHE_BULK,176,0
SMALL_DATASET,adi_kernel4,X,26232,4272,784896,0(34.90%);512(33.30%);513(31.70%),183.730337,0.349,CACHE_BULK,4272,0
SMALL_DATASET,adi_kernel4,B,35031,4272,1046528,512(50.00%);0(26.20%);1(23.80%),244.973783,0.349555,CACHE_BULK,4272,0
STANDARD_DATASET,adi_kernel4,A,59036,344,3142656,0(67.40%);1(32.60%),9135.627907,0.793929,CACHE_BULK,344,0
STANDARD_DATASET,adi_kernel4,X,25976,8536,3142656,0(34.10%);1024(33.30%);1025(32.60%),368.164948,0.341,CACHE_BULK,8536,0
STANDARD_DATASET,adi_kernel4,B,35119,8536,4190208,1024(50.00%);0(25.60%);1(24.40%),490.886598,0.345763,CACHE_BULK,8536,0
LARGE_DATASET,adi_kernel4,A,59049,688,12576768,0(67.10%);1(32.90%),18280.18605,0.792032,CACHE_BULK,688,0
LARGE_DATASET,adi_kernel4,X,25736,17072,12576768,0(33.70%);2048(33.30%);2049(32.90%),736.689784,0.337,CACHE_BULK,17072,0
LARGE_DATASET,adi_kernel4,B,35015,17072,16769024,2048(50.00%);0(25.30%);1(24.70%),982.253046,0.343866,CACHE_BULK,17072,0
EXTRALARGE_DATASET,adi_kernel4,A,59069,1368,50319360,0(66.90%);1(33.10%),36783.1579,0.790768,CACHE_BULK,1368,0
EXTRALARGE_DATASET,adi_kernel4,B,34656,34136,67092480,4096(50.00%);0(25.10%);1(24.90%),1965.446449,0.342602,CACHE_BULK,34136,0
EXTRALARGE_DATASET,adi_kernel4,X,25936,34136,50319360,0(33.50%);4096(33.30%);4097(33.10%),1474.084837,0.335,CACHE_SINGLE,14,0
MINI_DATASET,adi_kernel5,X,47284,88,512,0(54.70%);1(45.30%),5.818182,0.713649,CACHE_BULK,88,0
MINI_DATASET,adi_kernel5,B,14155,88,256,1(90.60%);0(9.40%),2.909091,0.427299,CACHE_BULK,88,0
SMALL_DATASET,adi_kernel5,X,49122,176,1024,0(52.40%);1(47.60%),5.818182,0.699111,CACHE_BULK,176,0
SMALL_DATASET,adi_kernel5,B,12317,176,512,1(95.30%),2.909091,0.350589,CACHE_BULK,176,0
STANDARD_DATASET,adi_kernel5,X,48766,344,2048,0(51.20%);1(48.80%),5.953488,0.691525,CACHE_BULK,344,0
STANDARD_DATASET,adi_kernel5,B,12673,344,1024,1(97.70%),2.976744,0.359418,CACHE_BULK,344,0
LARGE_DATASET,adi_kernel5,X,48598,688,4096,0(50.60%);1(49.40%),5.953488,0.687732,CACHE_BULK,688,0
LARGE_DATASET,adi_kernel5,B,12841,688,2048,1(98.80%),2.976744,0.363465,CACHE_BULK,688,0
EXTRALARGE_DATASET,adi_kernel5,X,48508,1368,8192,0(50.30%);1(49.70%),5.988304,0.685836,CACHE_BULK,1368,0
EXTRALARGE_DATASET,adi_kernel5,B,12931,1368,4096,1(99.40%),2.994152,0.365672,CACHE_BULK,1368,0
MINI_DATASET,adi_kernel6,X,3080,2136,195072,0(36.50%);256(33.30%);257(30.20%),91.325843,0.365,CACHE_BULK,2136,0
MINI_DATASET,adi_kernel6,B,29179,88,65024,1(90.60%);0(9.40%),738.909091,0.427299,CACHE_BULK,88,0
MINI_DATASET,adi_kernel6,A,29179,88,65024,1(90.60%);0(9.40%),738.909091,0.427299,CACHE_BULK,88,0
SMALL_DATASET,adi_kernel6,B,28939,176,261120,1(95.30%),1483.636364,0.350589,CACHE_BULK,176,0
SMALL_DATASET,adi_kernel6,A,28939,176,261120,1(95.30%),1483.636364,0.350589,CACHE_BULK,176,0
SMALL_DATASET,adi_kernel6,X,61088,4272,783360,0(34.90%);512(33.30%);513(31.70%),183.370787,0.349,CACHE_BULK,4272,0
STANDARD_DATASET,adi_kernel6,B,29053,344,1046528,1(97.70%),3042.232558,0.359418,CACHE_BULK,344,0
STANDARD_DATASET,adi_kernel6,A,29053,344,1046528,1(97.70%),3042.232558,0.359418,CACHE_BULK,344,0
STANDARD_DATASET,adi_kernel6,X,60752,8536,3139584,0(34.10%);1024(33.30%);1025(32.60%),367.805061,0.341,CACHE_BULK,8536,0
LARGE_DATASET,adi_kernel6,B,29089,688,4190208,1(98.80%),6090.418605,0.363465,CACHE_BULK,688,0
LARGE_DATASET,adi_kernel6,A,29089,688,4190208,1(98.80%),6090.418605,0.363465,CACHE_BULK,688,0
LARGE_DATASET,adi_kernel6,X,60064,17072,12570624,0(33.70%);2048(33.30%);2049(32.90%),736.329897,0.337,CACHE_BULK,17072,0
EXTRALARGE_DATASET,adi_kernel6,B,29116,1368,16769024,1(99.40%),12258.05848,0.365672,CACHE_BULK,1368,0
EXTRALARGE_DATASET,adi_kernel6,A,29116,1368,16769024,1(99.40%),12258.05848,0.365672,CACHE_BULK,1368,0
EXTRALARGE_DATASET,adi_kernel6,X,58704,34136,50307072,0(33.50%);4096(33.30%);4097(33.10%),1473.724865,0.335,CACHE_BULK,34136,0