﻿计算负载,核函数名,变量名,预分配空间大小,数据块大小,访存次数,访存步长和占比,访存密度,访存空间局部性,访存策略名,line,set
MINI_DATASET,atax_kernel1,tmp,4246,688,6144,0(67.10%);1(32.90%),8.930233,0.792032,CACHE_BULK,688,0
MINI_DATASET,atax_kernel1,x,56536,16384,4194304,1(100.00%),256,0.367879,CACHE_BULK,16384,0
MINI_DATASET,atax_kernel1,A,44368,1409024,4194304,1(100.00%),2.976744,0.367879,CACHE_SINGLE,15,0
MINI_DATASET,atax_kernel2,y,55147,688,4196352,1(98.80%),6099.348837,0.363465,CACHE_BULK,688,0
MINI_DATASET,atax_kernel2,tmp,60741,16384,4194304,0(98.80%),256,0.988,CACHE_BULK,16384,0
MINI_DATASET,atax_kernel2,A,44368,33538736,4194304,1(98.80%),0.125058,0.363465,CACHE_SINGLE,15,0
SMALL_DATASET,atax_kernel1,tmp,2220,1368,12288,0(66.90%);1(33.10%),8.982456,0.790768,CACHE_BULK,1368,0
SMALL_DATASET,atax_kernel1,x,58875,32768,16777216,1(100.00%),512,0.367879,CACHE_BULK,32768,0
SMALL_DATASET,atax_kernel1,A,27304,5603328,16777216,1(100.00%),2.994152,0.367879,CACHE_SINGLE,14,0
SMALL_DATASET,atax_kernel2,y,55179,1368,16781312,1(99.40%),12267.04094,0.365672,CACHE_BULK,1368,0
SMALL_DATASET,atax_kernel2,A,0,134186328,16777216,1(99.40%),0.125029,0.365672,CACHE_UNSUITABLE,0,0
SMALL_DATASET,atax_kernel2,tmp,60072,32768,16777216,0(99.40%),512,0.994,CACHE_BULK,32768,0
STANDARD_DATASET,atax_kernel1,tmp,1132,2736,24576,0(66.80%);1(33.20%),8.982456,0.790136,CACHE_SINGLE,10,0
STANDARD_DATASET,atax_kernel1,x,60131,65536,67108864,1(100.00%),1024,0.367879,CACHE_SINGLE,15,0
STANDARD_DATASET,atax_kernel1,A,175,22413312,67108864,1(100.00%),2.994152,0.367879,CACHE_SINGLE,7,0
STANDARD_DATASET,atax_kernel2,y,55178,2736,67117056,1(99.70%),24531.08772,0.366776,CACHE_BULK,2736,0
STANDARD_DATASET,atax_kernel2,A,0,536808112,67108864,1(99.70%),0.125015,0.366776,CACHE_UNSUITABLE,0,0
STANDARD_DATASET,atax_kernel2,tmp,58704,65536,67108864,0(99.70%),1024,0.997,CACHE_SINGLE,15,0
LARGE_DATASET,atax_kernel1,tmp,572,5464,49152,0(66.70%);1(33.30%),8.995608,0.789504,CACHE_SINGLE,9,0
LARGE_DATASET,atax_kernel1,x,60778,131072,268435456,1(100.00%),2048,0.367879,CACHE_SINGLE,15,0
LARGE_DATASET,atax_kernel1,A,88,89522176,268435456,1(100.00%),2.998536,0.367879,CACHE_SINGLE,6,0
LARGE_DATASET,atax_kernel2,y,55186,5464,268451840,1(99.90%),49131.01025,0.367512,CACHE_BULK,5464,0
LARGE_DATASET,atax_kernel2,A,0,2147358040,268435456,1(99.90%),0.125007,0.367512,CACHE_UNSUITABLE,0,0
LARGE_DATASET,atax_kernel2,tmp,55976,131072,268435456,0(99.90%),2048,0.999,CACHE_SINGLE,15,0
EXTRALARGE_DATASET,atax_kernel1,tmp,288,10928,98304,0(66.70%);1(33.30%),8.995608,0.789504,CACHE_SINGLE,8,0
EXTRALARGE_DATASET,atax_kernel1,x,61107,262144,1073741824,1(100.00%),4096,0.367879,CACHE_SINGLE,15,0
EXTRALARGE_DATASET,atax_kernel1,A,44,358088704,1073741824,1(100.00%),2.998536,0.367879,CACHE_SINGLE,5,0
EXTRALARGE_DATASET,atax_kernel2,y,55186,10928,1073774592,1(99.90%),98259.02196,0.367512,CACHE_BULK,10928,0
EXTRALARGE_DATASET,atax_kernel2,A,0,8589683376,1073741824,1(99.90%),0.125004,0.367512,CACHE_UNSUITABLE,0,0
EXTRALARGE_DATASET,atax_kernel2,tmp,50512,262144,1073741824,0(99.90%),4096,0.999,CACHE_SINGLE,15,0