﻿计算负载,核函数名,变量名,预分配空间大小,数据块大小,访存次数,访存步长和占比,访存密度,访存空间局部性,访存策略名,line,set
MINI_DATASET,bicg_kernel1,s,55147,344,4196352,1(98.80%),12198.697674,0.363465,CACHE_BULK,344,0
MINI_DATASET,bicg_kernel1,r,61085,8192,4194304,0(98.80%),512.000000,0.988000,CACHE_BULK,8192,0
MINI_DATASET,bicg_kernel1,A,52904,16769368,4194304,1(98.80%),0.250117,0.363465,CACHE_SINGLE,15,0
MINI_DATASET,bicg_kernel2,q,4246,344,6144,0(67.10%);1(32.90%),17.860465,0.792032,CACHE_BULK,344,0
MINI_DATASET,bicg_kernel2,p,56536,8192,4194304,1(100.00%),512.000000,0.367879,CACHE_BULK,8192,0
MINI_DATASET,bicg_kernel2,A,52904,704512,4194304,1(100.00%),5.953488,0.367879,CACHE_SINGLE,15,0
SMALL_DATASET,bicg_kernel1,s,55179,684,16781312,1(99.40%),24534.081871,0.365672,CACHE_BULK,684,0
SMALL_DATASET,bicg_kernel1,A,0,67093164,16777216,1(99.40%),0.250059,0.365672,CACHE_UNSUITABLE,0,0
SMALL_DATASET,bicg_kernel1,r,60756,16384,16777216,0(99.40%),1024.000000,0.994000,CACHE_BULK,16384,0
SMALL_DATASET,bicg_kernel2,q,2220,684,12288,0(66.90%);1(33.10%),17.964912,0.790768,CACHE_BULK,684,0
SMALL_DATASET,bicg_kernel2,p,58875,16384,16777216,1(100.00%),1024.000000,0.367879,CACHE_BULK,16384,0
SMALL_DATASET,bicg_kernel2,A,44372,2801664,16777216,1(100.00%),5.988304,0.367879,CACHE_SINGLE,15,0
STANDARD_DATASET,bicg_kernel1,s,55178,1368,67117056,1(99.70%),49062.175439,0.366776,CACHE_BULK,1368,0
STANDARD_DATASET,bicg_kernel1,A,0,268404056,67108864,1(99.70%),0.250029,0.366776,CACHE_UNSUITABLE,0,0
STANDARD_DATASET,bicg_kernel1,r,60072,32768,67108864,0(99.70%),2048.000000,0.997000,CACHE_BULK,32768,0
STANDARD_DATASET,bicg_kernel2,p,60131,32768,67108864,1(100.00%),2048.000000,0.367879,CACHE_BULK,32768,0
STANDARD_DATASET,bicg_kernel2,q,24820,1368,24576,0(66.80%);1(33.20%),17.964912,0.790136,CACHE_BULK,1368,0
STANDARD_DATASET,bicg_kernel2,A,27304,11206656,67108864,1(100.00%),5.988304,0.367879,CACHE_SINGLE,14,0
LARGE_DATASET,bicg_kernel1,s,55186,2732,268451840,1(99.90%),98262.020498,0.367512,CACHE_BULK,2732,0
LARGE_DATASET,bicg_kernel1,A,0,1073679020,268435456,1(99.90%),0.250015,0.367512,CACHE_UNSUITABLE,0,0
LARGE_DATASET,bicg_kernel1,r,58708,65536,268435456,0(99.90%),4096.000000,0.999000,CACHE_SINGLE,15,0
LARGE_DATASET,bicg_kernel2,q,572,2732,49152,0(66.70%);1(33.30%),17.991215,0.789504,CACHE_SINGLE,9,0
LARGE_DATASET,bicg_kernel2,p,60778,65536,268435456,1(100.00%),4096.000000,0.367879,CACHE_SINGLE,15,0
LARGE_DATASET,bicg_kernel2,A,88,44761088,268435456,1(100.00%),5.997072,0.367879,CACHE_SINGLE,6,0
EXTRALARGE_DATASET,bicg_kernel1,s,55186,5464,1073774592,1(99.90%),196518.043924,0.367512,CACHE_BULK,5464,0
EXTRALARGE_DATASET,bicg_kernel1,A,0,4294841688,1073741824,1(99.90%),0.250007,0.367512,CACHE_UNSUITABLE,0,0
EXTRALARGE_DATASET,bicg_kernel1,r,55976,131072,1073741824,0(99.90%),8192.000000,0.999000,CACHE_SINGLE,15,0
EXTRALARGE_DATASET,bicg_kernel2,q,288,5464,98304,0(66.70%);1(33.30%),17.991215,0.789504,CACHE_SINGLE,8,0
EXTRALARGE_DATASET,bicg_kernel2,p,61107,131072,1073741824,1(100.00%),8192.000000,0.367879,CACHE_SINGLE,15,0
EXTRALARGE_DATASET,bicg_kernel2,A,44,179044352,1073741824,1(100.00%),5.997072,0.367879,CACHE_SINGLE,5,0
