﻿计算负载,核函数名,变量名,预分配空间大小,数据块大小,访存次数,访存步长和占比,访存密度,访存空间局部性,访存策略名,line,set
MINI_DATASET,corr_kernel,data,0,2097152,133955584,,63.875000,0.000000,CACHE_UNSUITABLE,0,0
MINI_DATASET,corr_kernel,symmat,61440,2093232,523775,0(50.00%),0.250223,0.500000,CACHE_SINGLE,15,0
MINI_DATASET,mean_kernel,mean,61434,176,263168,1(95.40%),1495.272727,0.350957,CACHE_BULK,176,0
MINI_DATASET,mean_kernel,data,61264,2093232,262144,1(95.40%),0.125234,0.350957,CACHE_SINGLE,15,0
MINI_DATASET,reduce_kernel,std,28252,4096,262144,1(99.80%),64.000000,0.367144,CACHE_BULK,4096,0
MINI_DATASET,reduce_kernel,mean,28252,4096,262144,1(99.80%),64.000000,0.367144,CACHE_BULK,4096,0
MINI_DATASET,reduce_kernel,data,53248,87384,524288,0(50.00%);1(50.00%),5.999817,0.683940,CACHE_SINGLE,15,0
MINI_DATASET,std_kernel,mean,61293,176,524288,0(99.90%),2978.909091,0.999000,CACHE_BULK,176,0
MINI_DATASET,std_kernel,std,60183,176,1536,0(68.20%);1(31.80%),8.727273,0.798986,CACHE_BULK,176,0
MINI_DATASET,std_kernel,data,61088,2093232,524288,0(50.00%);512(49.90%),0.250468,0.500000,CACHE_SINGLE,15,0
SMALL_DATASET,corr_kernel,data,0,3276800,261734400,,79.875000,0.000000,CACHE_UNSUITABLE,0,0
SMALL_DATASET,corr_kernel,symmat,61440,3271896,818559,0(50.00%),0.250179,0.500000,CACHE_SINGLE,15,0
SMALL_DATASET,mean_kernel,mean,61435,216,410880,1(96.30%),1902.222222,0.354268,CACHE_BULK,216,0
SMALL_DATASET,mean_kernel,data,61224,3271896,409600,1(96.30%),0.125187,0.354268,CACHE_SINGLE,15,0
SMALL_DATASET,reduce_kernel,std,28714,5120,409600,1(99.80%),80.000000,0.367144,CACHE_BULK,5120,0
SMALL_DATASET,reduce_kernel,mean,28714,5120,409600,1(99.80%),80.000000,0.367144,CACHE_BULK,5120,0
SMALL_DATASET,reduce_kernel,data,51200,136536,819200,0(50.00%);1(50.00%),5.999883,0.683940,CACHE_SINGLE,15,0
SMALL_DATASET,std_kernel,mean,61323,216,819200,0(99.90%),3792.592593,0.999000,CACHE_BULK,216,0
SMALL_DATASET,std_kernel,std,60161,216,1920,0(67.90%);1(32.10%),8.888889,0.797089,CACHE_BULK,216,0
SMALL_DATASET,std_kernel,data,61008,3271896,819200,0(50.00%);640(49.90%),0.250375,0.500000,CACHE_SINGLE,15,0
STANDARD_DATASET,corr_kernel,data,0,4718592,452395008,,95.875000,0.000000,CACHE_UNSUITABLE,0,0
STANDARD_DATASET,corr_kernel,symmat,61440,4712704,1178879,0(50.00%),0.250149,0.500000,CACHE_SINGLE,15,0
STANDARD_DATASET,mean_kernel,mean,61436,256,591360,1(96.90%),2310.000000,0.356475,CACHE_BULK,256,0
STANDARD_DATASET,mean_kernel,data,61184,4712704,589824,1(96.90%),0.125156,0.356475,CACHE_SINGLE,15,0
STANDARD_DATASET,reduce_kernel,std,29031,6144,589824,1(99.90%),96.000000,0.367512,CACHE_BULK,6144,0
STANDARD_DATASET,reduce_kernel,mean,29031,6144,589824,1(99.90%),96.000000,0.367512,CACHE_BULK,6144,0
STANDARD_DATASET,reduce_kernel,data,49152,196608,1179648,0(50.00%);1(50.00%),6.000000,0.683940,CACHE_SINGLE,15,0
STANDARD_DATASET,std_kernel,mean,61342,256,1179648,0(99.90%),4608.000000,0.999000,CACHE_BULK,256,0
STANDARD_DATASET,std_kernel,std,60133,256,2304,0(67.70%);1(32.30%),9.000000,0.795825,CACHE_BULK,256,0
STANDARD_DATASET,std_kernel,data,60928,4712704,1179648,0(50.00%);768(49.90%),0.250312,0.500000,CACHE_SINGLE,15,0
LARGE_DATASET,corr_kernel,data,0,6422528,718520320,,111.875000,0.000000,CACHE_UNSUITABLE,0,0
LARGE_DATASET,corr_kernel,symmat,61440,6415664,1604735,0(50.00%),0.250128,0.500000,CACHE_SINGLE,15,0
LARGE_DATASET,mean_kernel,mean,61437,304,804608,1(97.40%),2646.736842,0.358315,CACHE_BULK,304,0
LARGE_DATASET,mean_kernel,data,61136,6415664,802816,1(97.40%),0.125134,0.358315,CACHE_SINGLE,15,0
LARGE_DATASET,reduce_kernel,std,29261,7168,802816,1(99.90%),112.000000,0.367512,CACHE_BULK,7168,0
LARGE_DATASET,reduce_kernel,mean,29261,7168,802816,1(99.90%),112.000000,0.367512,CACHE_BULK,7168,0
LARGE_DATASET,reduce_kernel,data,47104,267608,1605632,0(50.00%);1(50.00%),5.999940,0.683940,CACHE_SINGLE,15,0
LARGE_DATASET,std_kernel,mean,61356,304,1605632,0(99.90%),5281.684211,0.999000,CACHE_BULK,304,0
LARGE_DATASET,std_kernel,std,60066,304,2688,0(67.50%);1(32.50%),8.842105,0.794561,CACHE_BULK,304,0
LARGE_DATASET,std_kernel,data,60832,6415664,1605632,0(50.00%);896(49.90%),0.250267,0.500000,CACHE_SINGLE,15,0
EXTRALARGE_DATASET,corr_kernel,data,0,8388608,1072693248,,127.875000,0.000000,CACHE_UNSUITABLE,0,0
EXTRALARGE_DATASET,corr_kernel,symmat,61440,8380760,2096127,0(50.00%),0.250112,0.500000,CACHE_SINGLE,15,0
EXTRALARGE_DATASET,mean_kernel,mean,61437,344,1050624,1(97.70%),3054.139535,0.359418,CACHE_BULK,344,0
EXTRALARGE_DATASET,mean_kernel,data,61096,8380760,1048576,1(97.70%),0.125117,0.359418,CACHE_SINGLE,15,0
EXTRALARGE_DATASET,reduce_kernel,std,29436,8192,1048576,1(99.90%),128.000000,0.367512,CACHE_BULK,8192,0
EXTRALARGE_DATASET,reduce_kernel,mean,29436,8192,1048576,1(99.90%),128.000000,0.367512,CACHE_BULK,8192,0
EXTRALARGE_DATASET,reduce_kernel,data,45056,349528,2097152,0(50.00%);1(50.00%),5.999954,0.683940,CACHE_SINGLE,15,0
EXTRALARGE_DATASET,std_kernel,mean,61367,344,2097152,0(100.00%),6096.372093,1.000000,CACHE_BULK,344,0
EXTRALARGE_DATASET,std_kernel,std,60036,344,3072,0(67.40%);1(32.60%),8.930233,0.793929,CACHE_BULK,344,0
EXTRALARGE_DATASET,std_kernel,data,60752,8380760,2097152,0(50.00%);1024(50.00%),0.250234,0.500000,CACHE_SINGLE,15,0
