﻿计算负载,核函数名,变量名,预分配空间大小,数据块大小,访存次数,访存步长和占比,访存密度,访存空间局部性,访存策略名,line,set
MINI_DATASET,covar_kernel,data,0,1048576,134479872,,128.250000,0.000000,CACHE_UNSUITABLE,0,0
MINI_DATASET,covar_kernel,symmat,61440,1046612,525312,0(25.20%);512(24.90%),0.501917,0.252000,CACHE_SINGLE,15,0
MINI_DATASET,mean_kernel,mean,61434,88,263168,1(95.30%),2990.545455,0.350589,CACHE_BULK,88,0
MINI_DATASET,mean_kernel,data,61352,1046616,262144,1(95.30%),0.250468,0.350589,CACHE_SINGLE,15,0
MINI_DATASET,reduce_kernel,mean,58683,2048,262144,1(99.80%),128.000000,0.367144,CACHE_BULK,2048,0
MINI_DATASET,reduce_kernel,data,59392,43692,262144,1(100.00%),5.999817,0.367879,CACHE_BULK,43692,0
SMALL_DATASET,covar_kernel,data,0,3211264,720125952,,224.250000,0.000000,CACHE_UNSUITABLE,0,0
SMALL_DATASET,covar_kernel,symmat,61440,3207828,1607424,0(25.10%);896(25.00%),0.501094,0.251000,CACHE_SINGLE,15,0
SMALL_DATASET,mean_kernel,mean,61437,152,804608,1(97.30%),5293.473684,0.357947,CACHE_BULK,152,0
SMALL_DATASET,mean_kernel,data,61288,3207832,802816,1(97.30%),0.250267,0.357947,CACHE_SINGLE,15,0
SMALL_DATASET,reduce_kernel,mean,59835,3584,802816,1(99.90%),224.000000,0.367512,CACHE_BULK,3584,0
SMALL_DATASET,reduce_kernel,data,57856,133804,802816,1(100.00%),5.999940,0.367879,CACHE_SINGLE,15,0
STANDARD_DATASET,covar_kernel,data,0,6553600,2098790400,,320.250000,0.000000,CACHE_UNSUITABLE,0,0
STANDARD_DATASET,covar_kernel,symmat,61440,6548692,3279360,0(25.10%);1280(25.00%),0.500766,0.251000,CACHE_SINGLE,15,0
STANDARD_DATASET,mean_kernel,mean,61437,216,1640960,1(98.10%),7597.037037,0.360890,CACHE_BULK,216,0
STANDARD_DATASET,mean_kernel,data,61224,6548696,1638400,1(98.10%),0.250187,0.360890,CACHE_SINGLE,15,0
STANDARD_DATASET,reduce_kernel,mean,60308,5120,1638400,1(99.90%),320.000000,0.367512,CACHE_BULK,5120,0
STANDARD_DATASET,reduce_kernel,data,56320,273068,1638400,1(100.00%),5.999971,0.367879,CACHE_SINGLE,15,0
LARGE_DATASET,covar_kernel,data,0,11075584,4610211840,,416.250000,0.000000,CACHE_UNSUITABLE,0,0
LARGE_DATASET,covar_kernel,symmat,61440,11069204,5541120,0(25.00%);1664(25.00%),0.500589,0.250000,CACHE_SINGLE,15,0
LARGE_DATASET,mean_kernel,mean,61438,280,2772224,1(98.60%),9900.800000,0.362729,CACHE_BULK,280,0
LARGE_DATASET,mean_kernel,data,61160,11069208,2768896,1(98.60%),0.250144,0.362729,CACHE_SINGLE,15,0
LARGE_DATASET,reduce_kernel,mean,60565,6656,2768896,1(99.90%),416.000000,0.367512,CACHE_BULK,6656,0
LARGE_DATASET,reduce_kernel,data,54784,461484,2768896,1(100.00%),5.999983,0.367879,CACHE_SINGLE,15,0
EXTRALARGE_DATASET,covar_kernel,data,0,16777216,8594128896,,512.250000,0.000000,CACHE_UNSUITABLE,0,0
EXTRALARGE_DATASET,covar_kernel,symmat,61440,16769364,8392704,0(25.00%);2048(25.00%),0.500478,0.250000,CACHE_SINGLE,15,0
EXTRALARGE_DATASET,mean_kernel,mean,61438,344,4198400,1(98.80%),12204.651163,0.363465,CACHE_BULK,344,0
EXTRALARGE_DATASET,mean_kernel,data,61096,16769368,4194304,1(98.80%),0.250117,0.363465,CACHE_SINGLE,15,0
EXTRALARGE_DATASET,reduce_kernel,mean,60728,8192,4194304,1(100.00%),512.000000,0.367879,CACHE_BULK,8192,0
EXTRALARGE_DATASET,reduce_kernel,data,53248,699052,4194304,1(100.00%),5.999989,0.367879,CACHE_SINGLE,15,0
