﻿计算负载,核函数名,变量名,预分配空间大小,数据块大小,访存次数,访存步长和占比,访存密度,访存空间局部性,访存策略名,line,set
MINI_DATASET,doitgen_kernel1,A,32196,768,1048576,0(94.70%),1365.333333,0.947000,CACHE_BULK,768,0
MINI_DATASET,doitgen_kernel1,sum,28133,344,1081344,1(97.70%),3143.441860,0.359418,CACHE_BULK,344,0
MINI_DATASET,doitgen_kernel1,C4,60328,8192,1048576,1(94.60%),128.000000,0.348014,CACHE_BULK,8192,0
MINI_DATASET,doitgen_kernel2,A,30720,344,32768,1(97.70%),95.255814,0.359418,CACHE_BULK,344,0
MINI_DATASET,doitgen_kernel2,sum,30720,344,32768,1(97.70%),95.255814,0.359418,CACHE_BULK,344,0
SMALL_DATASET,doitgen_kernel1,A,38619,2048,16777216,0(97.90%),8192.000000,0.979000,CACHE_BULK,2048,0
SMALL_DATASET,doitgen_kernel1,sum,21932,1368,17039360,1(99.40%),12455.672515,0.365672,CACHE_BULK,1368,0
SMALL_DATASET,doitgen_kernel1,C4,58024,32768,16777216,1(97.90%),512.000000,0.360154,CACHE_BULK,32768,0
SMALL_DATASET,doitgen_kernel2,A,30720,1368,262144,1(99.40%),191.625731,0.365672,CACHE_BULK,1368,0
SMALL_DATASET,doitgen_kernel2,sum,30720,1368,262144,1(99.40%),191.625731,0.365672,CACHE_BULK,1368,0
STANDARD_DATASET,doitgen_kernel1,A,40677,7168,268435456,0(99.10%),37449.142857,0.991000,CACHE_BULK,7168,0
STANDARD_DATASET,doitgen_kernel1,sum,19944,5464,270532608,1(99.90%),49511.824305,0.367512,CACHE_BULK,5464,0
STANDARD_DATASET,doitgen_kernel1,C4,48808,131072,268435456,1(99.10%),2048.000000,0.364569,CACHE_SINGLE,15,0
STANDARD_DATASET,doitgen_kernel2,A,30720,5464,2097152,1(99.90%),383.812592,0.367512,CACHE_BULK,5464,0
STANDARD_DATASET,doitgen_kernel2,sum,30720,5464,2097152,1(99.90%),383.812592,0.367512,CACHE_BULK,5464,0
LARGE_DATASET,doitgen_kernel1,A,42834,24576,4294967296,0(99.60%),174762.666667,0.996000,CACHE_BULK,24576,0
LARGE_DATASET,doitgen_kernel1,sum,35400,21848,4311744512,1(100.00%),197351.909191,0.367879,CACHE_BULK,21848,0
LARGE_DATASET,doitgen_kernel1,C4,15016,524288,4294967296,1(99.60%),8192.000000,0.366408,CACHE_SINGLE,13,0
LARGE_DATASET,doitgen_kernel2,A,30720,21848,16777216,1(100.00%),767.906261,0.367879,CACHE_BULK,21848,0
LARGE_DATASET,doitgen_kernel2,sum,30720,21848,16777216,1(100.00%),767.906261,0.367879,CACHE_BULK,21848,0
EXTRALARGE_DATASET,doitgen_kernel1,C4,717,2097152,68719476736,1(99.80%),32768.000000,0.367144,CACHE_SINGLE,9,0
EXTRALARGE_DATASET,doitgen_kernel1,A,43429,94208,68719476736,0(99.80%),729444.173913,0.998000,CACHE_SINGLE,15,0
EXTRALARGE_DATASET,doitgen_kernel1,sum,17292,87384,68853694464,1(100.00%),787943.953859,0.367879,CACHE_SINGLE,14,0
EXTRALARGE_DATASET,doitgen_kernel2,A,30720,87384,134217728,1(100.00%),1535.953126,0.367879,CACHE_SINGLE,14,0
EXTRALARGE_DATASET,doitgen_kernel2,sum,30720,87384,134217728,1(100.00%),1535.953126,0.367879,CACHE_SINGLE,14,0
