﻿计算负载,核函数名,变量名,预分配空间大小,数据块大小,访存次数,访存步长和占比,访存密度,访存空间局部性,访存策略名,line,set
MINI_DATASET,fdtd_step1_kernel,hz,0,12008,1305600,256(50.00%);257(50.00%),108.727515,0.000000,CACHE_UNSUITABLE,0,0
MINI_DATASET,fdtd_step1_kernel,ey,35365,10984,1308160,1(50.10%);0(49.90%),119.096868,0.683308,CACHE_BULK,10984,0
MINI_DATASET,fdtd_step1_kernel,_fict_,26074,4,240,0(100.00%),60.000000,1.000000,CACHE_BULK,4,0
MINI_DATASET,fdtd_step2_kernel,hz,16519,10988,1305600,1(50.00%);2(49.80%),118.820531,0.251337,CACHE_BULK,10988,0
MINI_DATASET,fdtd_step2_kernel,ex,44920,10984,1305600,0(50.00%);1(49.80%),118.863802,0.683204,CACHE_BULK,10984,0
MINI_DATASET,fdtd_step3_kernel,hz,44920,10912,1300500,0(50.00%);1(49.80%),119.180718,0.683204,CACHE_BULK,10912,0
MINI_DATASET,fdtd_step3_kernel,ey,0,11936,1300500,256(50.00%);257(49.80%),108.956099,0.000000,CACHE_UNSUITABLE,0,0
MINI_DATASET,fdtd_step3_kernel,ex,16519,10916,1300500,1(50.00%);2(49.80%),119.137047,0.251337,CACHE_BULK,10916,0
SMALL_DATASET,fdtd_step1_kernel,hz,0,45800,5232640,512(50.00%);513(50.00%),114.249782,0.000000,CACHE_UNSUITABLE,0,0
SMALL_DATASET,fdtd_step1_kernel,_fict_,25982,4,240,0(100.00%),60.000000,1.000000,CACHE_BULK,4,0
SMALL_DATASET,fdtd_step1_kernel,ey,61436,43752,5237760,1(50.00%);0(50.00%),119.714756,0.683940,CACHE_BULK,43752,0
SMALL_DATASET,fdtd_step2_kernel,ex,44917,43752,5232640,0(50.00%);1(49.90%),119.597733,0.683572,CACHE_BULK,43752,0
SMALL_DATASET,fdtd_step2_kernel,hz,17688,43756,5232640,1(50.00%);2(49.90%),119.586800,0.251472,CACHE_SINGLE,14,0
SMALL_DATASET,fdtd_step3_kernel,hz,44917,43608,5222420,0(50.00%);1(49.90%),119.758301,0.683572,CACHE_BULK,43608,0
SMALL_DATASET,fdtd_step3_kernel,ey,0,45656,5222420,512(50.00%);513(49.90%),114.386280,0.000000,CACHE_UNSUITABLE,0,0
SMALL_DATASET,fdtd_step3_kernel,ex,17832,43612,5222420,1(50.00%);2(49.90%),119.747317,0.251472,CACHE_SINGLE,14,0
STANDARD_DATASET,fdtd_step1_kernel,hz,0,178920,104755200,1024(50.00%);1025(50.00%),585.486251,0.000000,CACHE_UNSUITABLE,0,0
STANDARD_DATASET,fdtd_step1_kernel,_fict_,25959,4,1200,0(100.00%),300.000000,1.000000,CACHE_BULK,4,0
STANDARD_DATASET,fdtd_step1_kernel,ey,61436,174824,104806400,1(50.00%);0(50.00%),599.496637,0.683940,CACHE_SINGLE,15,0
STANDARD_DATASET,fdtd_step2_kernel,hz,16523,174828,104755200,1(50.00%);2(49.90%),599.190061,0.251472,CACHE_SINGLE,14,0
STANDARD_DATASET,fdtd_step2_kernel,ex,44916,174824,104755200,0(50.00%);1(49.90%),599.203771,0.683572,CACHE_SINGLE,15,0
STANDARD_DATASET,fdtd_step3_kernel,ey,0,178720,104652900,1024(50.00%);1025(49.90%),585.569047,0.000000,CACHE_UNSUITABLE,0,0
STANDARD_DATASET,fdtd_step3_kernel,hz,44916,174624,104652900,0(50.00%);1(49.90%),599.304219,0.683572,CACHE_SINGLE,15,0
STANDARD_DATASET,fdtd_step3_kernel,ex,16523,174628,104652900,1(50.00%);2(49.90%),599.290492,0.251472,CACHE_SINGLE,14,0
LARGE_DATASET,fdtd_step1_kernel,hz,0,707304,419225600,2048(50.00%);2049(50.00%),592.709217,0.000000,CACHE_UNSUITABLE,0,0
LARGE_DATASET,fdtd_step1_kernel,_fict_,25952,4,1200,0(100.00%),300.000000,1.000000,CACHE_BULK,4,0
LARGE_DATASET,fdtd_step1_kernel,ey,61436,699112,419328000,1(50.00%);0(50.00%),599.800890,0.683940,CACHE_SINGLE,15,0
LARGE_DATASET,fdtd_step2_kernel,hz,16523,699116,419225600,1(50.00%);2(50.00%),599.650988,0.251607,CACHE_SINGLE,14,0
LARGE_DATASET,fdtd_step2_kernel,ex,44916,699112,419225600,0(50.00%);1(50.00%),599.654419,0.683940,CACHE_SINGLE,15,0
LARGE_DATASET,fdtd_step3_kernel,ey,0,706904,419020900,2048(50.00%);2049(50.00%),592.755028,0.000000,CACHE_UNSUITABLE,0,0
LARGE_DATASET,fdtd_step3_kernel,hz,44916,698712,419020900,0(50.00%);1(50.00%),599.704742,0.683940,CACHE_SINGLE,15,0
LARGE_DATASET,fdtd_step3_kernel,ex,16523,698716,419020900,1(50.00%);2(50.00%),599.701309,0.251607,CACHE_SINGLE,14,0
EXTRALARGE_DATASET,fdtd_step1_kernel,hz,0,707304,838451200,2048(50.00%);2049(50.00%),1185.418434,0.000000,CACHE_UNSUITABLE,0,0
EXTRALARGE_DATASET,fdtd_step1_kernel,_fict_,25952,4,2400,0(100.00%),600.000000,1.000000,CACHE_BULK,4,0
EXTRALARGE_DATASET,fdtd_step1_kernel,ey,61436,699112,838656000,1(50.00%);0(50.00%),1199.601781,0.683940,CACHE_SINGLE,15,0
EXTRALARGE_DATASET,fdtd_step2_kernel,hz,16523,699116,838451200,1(50.00%);2(50.00%),1199.301976,0.251607,CACHE_SINGLE,14,0
EXTRALARGE_DATASET,fdtd_step2_kernel,ex,44916,699112,838451200,0(50.00%);1(50.00%),1199.308837,0.683940,CACHE_SINGLE,15,0
EXTRALARGE_DATASET,fdtd_step3_kernel,ey,0,706904,838041800,2048(50.00%);2049(50.00%),1185.510055,0.000000,CACHE_UNSUITABLE,0,0
EXTRALARGE_DATASET,fdtd_step3_kernel,hz,44916,698712,838041800,0(50.00%);1(50.00%),1199.409485,0.683940,CACHE_SINGLE,15,0
EXTRALARGE_DATASET,fdtd_step3_kernel,ex,16523,698716,838041800,1(50.00%);2(50.00%),1199.402619,0.251607,CACHE_SINGLE,14,0
