﻿计算负载,核函数名,变量名,预分配空间大小,数据块大小,访存次数,访存步长和占比,访存密度,访存空间局部性,访存策略名,line,set
MINI_DATASET,gemm_kernel,c,19944,5464,2113536,1(99.90%),386.811127,0.367512,CACHE_BULK,5464,0
MINI_DATASET,gemm_kernel,a,40677,7168,2097152,0(99.10%),292.571429,0.991000,CACHE_BULK,7168,0
MINI_DATASET,gemm_kernel,b,48808,131072,2097152,1(99.10%),16.000000,0.364569,CACHE_SINGLE,15,0
SMALL_DATASET,gemm_kernel,a,42834,24576,16777216,0(99.60%),682.666667,0.996000,CACHE_BULK,24576,0
SMALL_DATASET,gemm_kernel,c,35400,21848,16842752,1(100.00%),770.905895,0.367879,CACHE_BULK,21848,0
SMALL_DATASET,gemm_kernel,b,15016,524288,16777216,1(99.60%),32.000000,0.366408,CACHE_SINGLE,13,0
STANDARD_DATASET,gemm_kernel,b,717,2097152,134217728,1(99.80%),64.000000,0.367144,CACHE_SINGLE,9,0
STANDARD_DATASET,gemm_kernel,c,17292,87384,134479872,1(100.00%),1538.953035,0.367879,CACHE_SINGLE,14,0
STANDARD_DATASET,gemm_kernel,a,43429,94208,134217728,0(99.80%),1424.695652,0.998000,CACHE_SINGLE,15,0
LARGE_DATASET,gemm_kernel,b,695,8388608,1073741824,1(99.90%),128.000000,0.367512,CACHE_SINGLE,9,0
LARGE_DATASET,gemm_kernel,c,16730,349528,1074790400,1(100.00%),3074.976540,0.367879,CACHE_SINGLE,14,0
LARGE_DATASET,gemm_kernel,a,44013,360448,1073741824,0(99.90%),2978.909091,0.999000,CACHE_SINGLE,15,0
EXTRALARGE_DATASET,gemm_kernel,b,690,33554432,8589934592,1(100.00%),256.000000,0.367879,CACHE_SINGLE,9,0
EXTRALARGE_DATASET,gemm_kernel,c,16576,1398104,8594128896,1(100.00%),6146.988276,0.367879,CACHE_SINGLE,14,0
EXTRALARGE_DATASET,gemm_kernel,a,44173,1425408,8589934592,0(100.00%),6026.298851,1.000000,CACHE_SINGLE,15,0
