﻿计算负载,核函数名,变量名,预分配空间大小,数据块大小,访存次数,访存步长和占比,访存密度,访存空间局部性,访存策略名,line,set
MINI_DATASET,gemver_kernel1,u1,30247,344,1048576,0(99.90%),3048.186047,0.999000,CACHE_BULK,344,0
MINI_DATASET,gemver_kernel1,u2,30247,344,1048576,0(99.90%),3048.186047,0.999000,CACHE_BULK,344,0
MINI_DATASET,gemver_kernel1,v2,30026,8192,1048576,1(99.90%),128.000000,0.367512,CACHE_BULK,8192,0
MINI_DATASET,gemver_kernel1,v1,30026,8192,1048576,1(99.90%),128.000000,0.367512,CACHE_BULK,8192,0
MINI_DATASET,gemver_kernel1,a,44368,352256,1048576,1(100.00%),2.976744,0.367879,CACHE_SINGLE,15,0
MINI_DATASET,gemver_kernel2,x,55100,344,1049600,1(97.70%),3051.162791,0.359418,CACHE_BULK,344,0
MINI_DATASET,gemver_kernel2,z,518,344,1024,1(97.70%),2.976744,0.359418,CACHE_BULK,344,0
MINI_DATASET,gemver_kernel2,y,60556,8192,1048576,0(97.70%),128.000000,0.977000,CACHE_BULK,8192,0
MINI_DATASET,gemver_kernel2,a,52560,8380760,1048576,1(97.70%),0.125117,0.359418,CACHE_SINGLE,15,0
MINI_DATASET,gemver_kernel3,w,4840,344,2048,0(51.20%);1(48.80%),5.953488,0.691525,CACHE_BULK,344,0
MINI_DATASET,gemver_kernel3,x,55311,8192,1048576,1(99.90%),128.000000,0.367512,CACHE_BULK,8192,0
MINI_DATASET,gemver_kernel3,a,52904,352256,1048576,1(100.00%),2.976744,0.367879,CACHE_SINGLE,15,0
SMALL_DATASET,gemver_kernel1,u1,30249,688,4194304,0(100.00%),6096.372093,1.000000,CACHE_BULK,688,0
SMALL_DATASET,gemver_kernel1,u2,30249,688,4194304,0(100.00%),6096.372093,1.000000,CACHE_BULK,688,0
SMALL_DATASET,gemver_kernel1,v2,29858,16384,4194304,1(100.00%),256.000000,0.367879,CACHE_BULK,16384,0
SMALL_DATASET,gemver_kernel1,v1,29858,16384,4194304,1(100.00%),256.000000,0.367879,CACHE_BULK,16384,0
SMALL_DATASET,gemver_kernel1,a,27296,1409024,4194304,1(100.00%),2.976744,0.367879,CACHE_SINGLE,14,0
SMALL_DATASET,gemver_kernel2,x,55122,688,4196352,1(98.80%),6099.348837,0.363465,CACHE_BULK,688,0
SMALL_DATASET,gemver_kernel2,y,60482,16384,4194304,0(98.80%),256.000000,0.988000,CACHE_BULK,16384,0
SMALL_DATASET,gemver_kernel2,z,42579,688,2048,1(98.80%),2.976744,0.363465,CACHE_BULK,688,0
SMALL_DATASET,gemver_kernel2,a,43680,33538736,4194304,1(98.80%),0.125058,0.363465,CACHE_SINGLE,15,0
SMALL_DATASET,gemver_kernel3,w,2531,688,4096,0(50.60%);1(49.40%),5.953488,0.687732,CACHE_BULK,688,0
SMALL_DATASET,gemver_kernel3,x,58231,16384,4194304,1(100.00%),256.000000,0.367879,CACHE_BULK,16384,0
SMALL_DATASET,gemver_kernel3,a,44368,1409024,4194304,1(100.00%),2.976744,0.367879,CACHE_SINGLE,15,0
STANDARD_DATASET,gemver_kernel1,u1,30253,1368,16777216,0(100.00%),12264.046784,1.000000,CACHE_BULK,1368,0
STANDARD_DATASET,gemver_kernel1,u2,30253,1368,16777216,0(100.00%),12264.046784,1.000000,CACHE_BULK,1368,0
STANDARD_DATASET,gemver_kernel1,v2,29266,32768,16777216,1(100.00%),512.000000,0.367879,CACHE_SINGLE,14,0
STANDARD_DATASET,gemver_kernel1,v1,29266,32768,16777216,1(100.00%),512.000000,0.367879,CACHE_SINGLE,14,0
STANDARD_DATASET,gemver_kernel1,a,171,5603328,16777216,1(100.00%),2.994152,0.367879,CACHE_SINGLE,7,0
STANDARD_DATASET,gemver_kernel2,x,55166,1368,16781312,1(99.40%),12267.040936,0.365672,CACHE_BULK,1368,0
STANDARD_DATASET,gemver_kernel2,a,0,134186328,16777216,1(99.40%),0.125029,0.365672,CACHE_UNSUITABLE,0,0
STANDARD_DATASET,gemver_kernel2,y,59943,32768,16777216,0(99.40%),512.000000,0.994000,CACHE_BULK,32768,0
STANDARD_DATASET,gemver_kernel2,z,27304,1368,4096,1(99.40%),2.994152,0.365672,CACHE_BULK,1368,0
STANDARD_DATASET,gemver_kernel3,x,59786,32768,16777216,1(100.00%),512.000000,0.367879,CACHE_BULK,32768,0
STANDARD_DATASET,gemver_kernel3,w,22608,1368,8192,0(50.30%);1(49.70%),5.988304,0.685836,CACHE_BULK,1368,0
STANDARD_DATASET,gemver_kernel3,a,27304,5603328,16777216,1(100.00%),2.994152,0.367879,CACHE_SINGLE,14,0
LARGE_DATASET,gemver_kernel1,u1,30254,2736,67108864,0(100.00%),24528.093567,1.000000,CACHE_BULK,2736,0
LARGE_DATASET,gemver_kernel1,u2,30254,2736,67108864,0(100.00%),24528.093567,1.000000,CACHE_BULK,2736,0
LARGE_DATASET,gemver_kernel1,v2,27943,65536,67108864,1(100.00%),1024.000000,0.367879,CACHE_SINGLE,14,0
LARGE_DATASET,gemver_kernel1,v1,27943,65536,67108864,1(100.00%),1024.000000,0.367879,CACHE_SINGLE,14,0
LARGE_DATASET,gemver_kernel1,a,81,22413312,67108864,1(100.00%),2.994152,0.367879,CACHE_SINGLE,6,0
LARGE_DATASET,gemver_kernel2,x,55172,2736,67117056,1(99.70%),24531.087719,0.366776,CACHE_BULK,2736,0
LARGE_DATASET,gemver_kernel2,a,0,536808112,67108864,1(99.70%),0.125015,0.366776,CACHE_UNSUITABLE,0,0
LARGE_DATASET,gemver_kernel2,z,63,2736,8192,1(99.70%),2.994152,0.366776,CACHE_SINGLE,5,0
LARGE_DATASET,gemver_kernel2,y,58640,65536,67108864,0(99.70%),1024.000000,0.997000,CACHE_SINGLE,15,0
LARGE_DATASET,gemver_kernel3,w,659,2736,16384,0(50.10%);1(49.90%),5.988304,0.684572,CACHE_SINGLE,9,0
LARGE_DATASET,gemver_kernel3,x,60603,65536,67108864,1(100.00%),1024.000000,0.367879,CACHE_SINGLE,15,0
LARGE_DATASET,gemver_kernel3,a,177,22413312,67108864,1(100.00%),2.994152,0.367879,CACHE_SINGLE,7,0
EXTRALARGE_DATASET,gemver_kernel1,u1,30255,5464,268435456,0(100.00%),49128.011713,1.000000,CACHE_BULK,5464,0
EXTRALARGE_DATASET,gemver_kernel1,u2,30255,5464,268435456,0(100.00%),49128.011713,1.000000,CACHE_BULK,5464,0
EXTRALARGE_DATASET,gemver_kernel1,a,0,89522176,268435456,1(100.00%),2.998536,0.367879,CACHE_UNSUITABLE,0,0
EXTRALARGE_DATASET,gemver_kernel1,v2,25256,131072,268435456,1(100.00%),2048.000000,0.367879,CACHE_SINGLE,14,0
EXTRALARGE_DATASET,gemver_kernel1,v1,25256,131072,268435456,1(100.00%),2048.000000,0.367879,CACHE_SINGLE,14,0
EXTRALARGE_DATASET,gemver_kernel2,x,55183,5464,268451840,1(99.90%),49131.010249,0.367512,CACHE_BULK,5464,0
EXTRALARGE_DATASET,gemver_kernel2,a,0,2147358040,268435456,1(99.90%),0.125007,0.367512,CACHE_UNSUITABLE,0,0
EXTRALARGE_DATASET,gemver_kernel2,z,30,5464,16384,1(99.90%),2.998536,0.367512,CACHE_SINGLE,4,0
EXTRALARGE_DATASET,gemver_kernel2,y,55945,131072,268435456,0(99.90%),2048.000000,0.999000,CACHE_SINGLE,15,0
EXTRALARGE_DATASET,gemver_kernel3,w,332,5464,32768,0(50.10%);1(49.90%),5.997072,0.684572,CACHE_SINGLE,8,0
EXTRALARGE_DATASET,gemver_kernel3,x,61018,131072,268435456,1(100.00%),2048.000000,0.367879,CACHE_SINGLE,15,0
EXTRALARGE_DATASET,gemver_kernel3,a,89,89522176,268435456,1(100.00%),2.998536,0.367879,CACHE_SINGLE,6,0
