﻿计算负载,核函数名,变量名,预分配空间大小,数据块大小,访存次数,访存步长和占比,访存密度,访存空间局部性,访存策略名,line,set
MINI_DATASET,gesummv_kernel,tmp,366,172,1024,1(97.70%),5.953488,0.359418,CACHE_BULK,172,0
MINI_DATASET,gesummv_kernel,y,366,172,1024,1(97.70%),5.953488,0.359418,CACHE_BULK,172,0
MINI_DATASET,gesummv_kernel,x,59957,4096,2097152,0(50.00%);1(50.00%),512.000000,0.683940,CACHE_BULK,4096,0
MINI_DATASET,gesummv_kernel,B,28500,176128,1048576,1(100.00%),5.953488,0.367879,CACHE_SINGLE,14,0
MINI_DATASET,gesummv_kernel,A,28500,176128,1048576,1(100.00%),5.953488,0.367879,CACHE_SINGLE,14,0
SMALL_DATASET,gesummv_kernel,x,60685,8192,8388608,0(50.00%);1(50.00%),1024.000000,0.683940,CACHE_BULK,8192,0
SMALL_DATASET,gesummv_kernel,tmp,13231,344,2048,1(98.80%),5.953488,0.363465,CACHE_BULK,344,0
SMALL_DATASET,gesummv_kernel,y,13231,344,2048,1(98.80%),5.953488,0.363465,CACHE_BULK,344,0
SMALL_DATASET,gesummv_kernel,B,26280,704512,4194304,1(100.00%),5.953488,0.367879,CACHE_SINGLE,14,0
SMALL_DATASET,gesummv_kernel,A,26280,704512,4194304,1(100.00%),5.953488,0.367879,CACHE_SINGLE,14,0
STANDARD_DATASET,gesummv_kernel,x,61057,16384,33554432,0(50.00%);1(50.00%),2048.000000,0.683940,CACHE_BULK,16384,0
STANDARD_DATASET,gesummv_kernel,tmp,11230,684,4096,1(99.40%),5.988304,0.365672,CACHE_BULK,684,0
STANDARD_DATASET,gesummv_kernel,y,11230,684,4096,1(99.40%),5.988304,0.365672,CACHE_BULK,684,0
STANDARD_DATASET,gesummv_kernel,B,21844,2801664,16777216,1(100.00%),5.988304,0.367879,CACHE_SINGLE,14,0
STANDARD_DATASET,gesummv_kernel,A,21844,2801664,16777216,1(100.00%),5.988304,0.367879,CACHE_SINGLE,14,0
LARGE_DATASET,gesummv_kernel,x,61247,32768,134217728,0(50.00%);1(50.00%),4096.000000,0.683940,CACHE_BULK,32768,0
LARGE_DATASET,gesummv_kernel,tmp,7157,1368,8192,1(99.70%),5.988304,0.366776,CACHE_BULK,1368,0
LARGE_DATASET,gesummv_kernel,y,7157,1368,8192,1(99.70%),5.988304,0.366776,CACHE_BULK,1368,0
LARGE_DATASET,gesummv_kernel,B,12968,11206656,67108864,1(100.00%),5.988304,0.367879,CACHE_SINGLE,13,0
LARGE_DATASET,gesummv_kernel,A,12968,11206656,67108864,1(100.00%),5.988304,0.367879,CACHE_SINGLE,13,0
EXTRALARGE_DATASET,gesummv_kernel,tmp,24,2732,16384,1(99.90%),5.997072,0.367512,CACHE_SINGLE,4,0
EXTRALARGE_DATASET,gesummv_kernel,y,24,2732,16384,1(99.90%),5.997072,0.367512,CACHE_SINGLE,4,0
EXTRALARGE_DATASET,gesummv_kernel,x,61343,65536,536870912,0(50.00%);1(50.00%),8192.000000,0.683940,CACHE_SINGLE,15,0
EXTRALARGE_DATASET,gesummv_kernel,B,24,44761088,268435456,1(100.00%),5.997072,0.367879,CACHE_SINGLE,4,0
EXTRALARGE_DATASET,gesummv_kernel,A,24,44761088,268435456,1(100.00%),5.997072,0.367879,CACHE_SINGLE,4,0
