﻿计算负载,核函数名,变量名,预分配空间大小,数据块大小,访存次数,访存步长和占比,访存密度,访存空间局部性,访存策略名,line,set
MINI_DATASET,gramschmidt_kernel1,r,61319,4,512,0(100.00%),128.000000,1.000000,CACHE_BULK,4,0
MINI_DATASET,gramschmidt_kernel1,a,61436,1046532,524288,0(50.10%);512(49.90%),0.500977,0.501000,CACHE_SINGLE,15,0
MINI_DATASET,gramschmidt_kernel2,q,0,43012,262144,512(95.30%),6.094671,0.000000,CACHE_UNSUITABLE,0,0
MINI_DATASET,gramschmidt_kernel2,r,61440,4,262144,0(100.00%),65536.000000,1.000000,CACHE_BULK,4,0
MINI_DATASET,gramschmidt_kernel2,a,0,43012,262144,512(95.30%),6.094671,0.000000,CACHE_UNSUITABLE,0,0
MINI_DATASET,gramschmidt_kernel3,r,61420,88,134086400,1(91.30%),1523709.090909,0.335874,CACHE_BULK,88,0
MINI_DATASET,gramschmidt_kernel3,q,44852,1046532,133955584,0(90.80%);512(8.40%),127.999511,0.908000,CACHE_SINGLE,15,0
MINI_DATASET,gramschmidt_kernel3,a,16499,1046616,133955584,1(90.80%),127.989238,0.334035,CACHE_SINGLE,14,0
SMALL_DATASET,gramschmidt_kernel1,r,61343,4,640,0(100.00%),160.000000,1.000000,CACHE_BULK,4,0
SMALL_DATASET,gramschmidt_kernel1,a,61436,1635844,819200,0(50.10%);640(49.90%),0.500781,0.501000,CACHE_SINGLE,15,0
SMALL_DATASET,gramschmidt_kernel2,q,0,66564,409600,640(96.30%),6.153476,0.000000,CACHE_UNSUITABLE,0,0
SMALL_DATASET,gramschmidt_kernel2,r,61440,4,409600,0(100.00%),102400.000000,1.000000,CACHE_BULK,4,0
SMALL_DATASET,gramschmidt_kernel2,a,0,66564,409600,640(96.30%),6.153476,0.000000,CACHE_UNSUITABLE,0,0
SMALL_DATASET,gramschmidt_kernel3,r,61424,108,261938880,1(92.90%),2425360.000000,0.341760,CACHE_BULK,108,0
SMALL_DATASET,gramschmidt_kernel3,q,44838,1635844,261734400,0(92.60%);640(5.30%),159.999609,0.926000,CACHE_SINGLE,15,0
SMALL_DATASET,gramschmidt_kernel3,a,16493,1635948,261734400,1(92.60%),159.989437,0.340656,CACHE_SINGLE,14,0
STANDARD_DATASET,gramschmidt_kernel1,r,61359,4,768,0(100.00%),192.000000,1.000000,CACHE_BULK,4,0
STANDARD_DATASET,gramschmidt_kernel1,a,61436,2356228,1179648,0(50.10%);768(49.90%),0.500651,0.501000,CACHE_SINGLE,15,0
STANDARD_DATASET,gramschmidt_kernel2,q,0,95236,589824,768(96.90%),6.193288,0.000000,CACHE_UNSUITABLE,0,0
STANDARD_DATASET,gramschmidt_kernel2,r,61440,4,589824,0(100.00%),147456.000000,1.000000,CACHE_BULK,4,0
STANDARD_DATASET,gramschmidt_kernel2,a,0,95236,589824,768(96.90%),6.193288,0.000000,CACHE_UNSUITABLE,0,0
STANDARD_DATASET,gramschmidt_kernel3,r,61427,128,452689536,1(94.00%),3536637.000000,0.345807,CACHE_BULK,128,0
STANDARD_DATASET,gramschmidt_kernel3,q,44823,2356228,452395008,0(93.90%),191.999674,0.939000,CACHE_SINGLE,15,0
STANDARD_DATASET,gramschmidt_kernel3,a,16488,2356352,452395008,1(93.90%),191.989570,0.345439,CACHE_SINGLE,14,0
LARGE_DATASET,gramschmidt_kernel1,r,61371,4,896,0(100.00%),224.000000,1.000000,CACHE_BULK,4,0
LARGE_DATASET,gramschmidt_kernel1,a,61436,3207684,1605632,0(50.10%);896(49.90%),0.500558,0.501000,CACHE_SINGLE,15,0
LARGE_DATASET,gramschmidt_kernel2,q,0,132612,802816,896(97.30%),6.053871,0.000000,CACHE_UNSUITABLE,0,0
LARGE_DATASET,gramschmidt_kernel2,r,61440,4,802816,0(100.00%),200704.000000,1.000000,CACHE_BULK,4,0
LARGE_DATASET,gramschmidt_kernel2,a,0,132612,802816,896(97.30%),6.053871,0.000000,CACHE_UNSUITABLE,0,0
LARGE_DATASET,gramschmidt_kernel3,r,61429,152,718921280,1(94.90%),4729745.263158,0.349118,CACHE_BULK,152,0
LARGE_DATASET,gramschmidt_kernel3,q,44805,3207684,718520320,0(94.70%),223.999721,0.947000,CACHE_SINGLE,15,0
LARGE_DATASET,gramschmidt_kernel3,a,16482,3207832,718520320,1(94.70%),223.989386,0.348382,CACHE_SINGLE,14,0
EXTRALARGE_DATASET,gramschmidt_kernel1,r,61380,4,1024,0(100.00%),256.000000,1.000000,CACHE_BULK,4,0
EXTRALARGE_DATASET,gramschmidt_kernel1,a,61436,4190212,2097152,0(50.00%);1024(50.00%),0.500488,0.500000,CACHE_SINGLE,15,0
EXTRALARGE_DATASET,gramschmidt_kernel2,q,0,172036,1048576,1024(97.70%),6.095096,0.000000,CACHE_UNSUITABLE,0,0
EXTRALARGE_DATASET,gramschmidt_kernel2,r,61440,4,1048576,0(100.00%),262144.000000,1.000000,CACHE_BULK,4,0
EXTRALARGE_DATASET,gramschmidt_kernel2,a,0,172036,1048576,1024(97.70%),6.095096,0.000000,CACHE_UNSUITABLE,0,0
EXTRALARGE_DATASET,gramschmidt_kernel3,r,61430,172,1073217024,1(95.50%),6239633.860465,0.351325,CACHE_BULK,172,0
EXTRALARGE_DATASET,gramschmidt_kernel3,q,44790,4190212,1072693248,0(95.40%),255.999756,0.954000,CACHE_SINGLE,15,0
EXTRALARGE_DATASET,gramschmidt_kernel3,a,16477,4190380,1072693248,1(95.40%),255.989492,0.350957,CACHE_SINGLE,14,0
