﻿计算负载,核函数名,变量名,预分配空间大小,数据块大小,访存次数,访存步长和占比,访存密度,访存空间局部性,访存策略名,line,set
MINI_DATASET,runJacobi_kernel1,B,28418,11256,1290320,1(99.60%),114.633973,0.366408,CACHE_BULK,11256,0
MINI_DATASET,runJacobi_kernel1,A,33021,13304,6451600,1(20.00%);2(20.00%);255(20.00%),484.936861,0.100643,CACHE_BULK,13304,0
MINI_DATASET,runJacobi_kernel2,B,30720,11256,1290320,1(99.60%),114.633973,0.366408,CACHE_BULK,11256,0
MINI_DATASET,runJacobi_kernel2,A,30720,11256,1290320,1(99.60%),114.633973,0.366408,CACHE_BULK,11256,0
SMALL_DATASET,runJacobi_kernel1,B,27229,45048,5202000,1(99.80%),115.476825,0.367144,CACHE_SINGLE,14,0
SMALL_DATASET,runJacobi_kernel1,A,34210,49144,26010000,1(20.00%);2(20.00%);511(20.00%),529.260947,0.100643,CACHE_DIRECT,6,9
SMALL_DATASET,runJacobi_kernel2,B,30720,45048,5202000,1(99.80%),115.476825,0.367144,CACHE_SINGLE,14,0
SMALL_DATASET,runJacobi_kernel2,A,30720,45048,5202000,1(99.80%),115.476825,0.367144,CACHE_SINGLE,14,0
STANDARD_DATASET,runJacobi_kernel1,B,26615,176120,20889680,1(99.90%),118.610493,0.367512,CACHE_SINGLE,14,0
STANDARD_DATASET,runJacobi_kernel1,A,34824,184312,104448400,1(20.00%);2(20.00%);1023(20.00%),566.693433,0.100643,CACHE_DIRECT,5,10
STANDARD_DATASET,runJacobi_kernel2,B,30720,176120,20889680,1(99.90%),118.610493,0.367512,CACHE_SINGLE,14,0
STANDARD_DATASET,runJacobi_kernel2,A,30720,176120,20889680,1(99.90%),118.610493,0.367512,CACHE_SINGLE,14,0
LARGE_DATASET,runJacobi_kernel1,B,26292,704504,83722320,1(100.00%),118.838672,0.367879,CACHE_SINGLE,14,0
LARGE_DATASET,runJacobi_kernel1,A,35147,720888,418611600,1(20.00%);2(20.00%);2047(20.00%),580.688817,0.100643,CACHE_DIRECT,5,10
LARGE_DATASET,runJacobi_kernel2,B,30720,704504,83722320,1(100.00%),118.838672,0.367879,CACHE_SINGLE,14,0
LARGE_DATASET,runJacobi_kernel2,A,30720,704504,83722320,1(100.00%),118.838672,0.367879,CACHE_SINGLE,14,0
EXTRALARGE_DATASET,runJacobi_kernel1,B,26121,2801656,335216720,1(100.00%),119.649493,0.367879,CACHE_SINGLE,14,0
EXTRALARGE_DATASET,runJacobi_kernel1,A,35318,2834424,1676083600,1(20.00%);2(20.00%);4095(20.00%),591.33129,0.100643,CACHE_DIRECT,5,10
EXTRALARGE_DATASET,runJacobi_kernel2,B,30720,2801656,335216720,1(100.00%),119.649493,0.367879,CACHE_SINGLE,14,0
EXTRALARGE_DATASET,runJacobi_kernel2,A,30720,2801656,335216720,1(100.00%),119.649493,0.367879,CACHE_SINGLE,14,0