﻿计算负载,核函数名,变量名,预分配空间大小,数据块大小,访存次数,访存步长和占比,访存密度,访存空间局部性,访存策略名,line,set
MINI_DATASET,runJacobiDSP_kernel1,B,15710,172,10220000,1(97.70%),59418.604651,0.359418,CACHE_BULK,172,0
MINI_DATASET,runJacobiDSP_kernel1,A,45729,180,30660000,1(99.20%),170333.333333,0.364936,CACHE_BULK,180,0
MINI_DATASET,runJacobiDSP_kernel2,B,30720,172,10220000,1(97.70%),59418.604651,0.359418,CACHE_BULK,172,0
MINI_DATASET,runJacobiDSP_kernel2,A,30720,172,10220000,1(97.70%),59418.604651,0.359418,CACHE_BULK,172,0
SMALL_DATASET,runJacobiDSP_kernel1,B,15532,344,20460000,1(98.80%),59476.744186,0.363465,CACHE_BULK,344,0
SMALL_DATASET,runJacobiDSP_kernel1,A,45907,352,61380000,1(99.60%),174375.000000,0.366408,CACHE_BULK,352,0
SMALL_DATASET,runJacobiDSP_kernel2,B,30720,344,20460000,1(98.80%),59476.744186,0.363465,CACHE_BULK,344,0
SMALL_DATASET,runJacobiDSP_kernel2,A,30720,344,20460000,1(98.80%),59476.744186,0.363465,CACHE_BULK,344,0
STANDARD_DATASET,runJacobiDSP_kernel1,B,15447,684,40940000,1(99.40%),59853.801170,0.365672,CACHE_BULK,684,0
STANDARD_DATASET,runJacobiDSP_kernel1,A,45992,692,122820000,1(99.80%),177485.549133,0.367144,CACHE_BULK,692,0
STANDARD_DATASET,runJacobiDSP_kernel2,B,30720,684,40940000,1(99.40%),59853.801170,0.365672,CACHE_BULK,684,0
STANDARD_DATASET,runJacobiDSP_kernel2,A,30720,684,40940000,1(99.40%),59853.801170,0.365672,CACHE_BULK,684,0
LARGE_DATASET,runJacobiDSP_kernel1,B,15404,1368,81900000,1(99.70%),59868.421053,0.366776,CACHE_BULK,1368,0
LARGE_DATASET,runJacobiDSP_kernel1,A,46035,1376,245700000,1(99.90%),178561.046512,0.367512,CACHE_BULK,1376,0
LARGE_DATASET,runJacobiDSP_kernel2,B,30720,1368,81900000,1(99.70%),59868.421053,0.366776,CACHE_BULK,1368,0
LARGE_DATASET,runJacobiDSP_kernel2,A,30720,1368,81900000,1(99.70%),59868.421053,0.366776,CACHE_BULK,1368,0
EXTRALARGE_DATASET,runJacobiDSP_kernel1,B,15382,2732,131125628,1(99.90%),47996.203514,0.367512,CACHE_BULK,2732,0
EXTRALARGE_DATASET,runJacobiDSP_kernel1,A,46057,2740,393354345,1(100.00%),143559.979927,0.367879,CACHE_BULK,2740,0
EXTRALARGE_DATASET,runJacobiDSP_kernel2,B,30721,2732,131126309,1(99.90%),47996.452782,0.367512,CACHE_BULK,2732,0
EXTRALARGE_DATASET,runJacobiDSP_kernel2,A,30718,2732,131109245,1(99.90%),47990.206808,0.367512,CACHE_BULK,2732,0
