﻿计算负载,核函数名,变量名,预分配空间大小,数据块大小,访存次数,访存步长和占比,访存密度,访存空间局部性,访存策略名,line,set
MINI_DATASET,lu_kernel1,A,61440,1024,71424,0(54.30%);1(37.90%),69.75,0.682426,CACHE_BULK,1024,0
MINI_DATASET,lu_kernel2,A,61440,261164,16711680,0(33.30%),63.989218,0.333,CACHE_SINGLE,15,0
SMALL_DATASET,lu_kernel1,A,61440,2048,273920,0(52.20%);1(43.60%),133.75,0.682395,CACHE_BULK,2048,0
SMALL_DATASET,lu_kernel2,A,61440,1046616,133955584,0(33.30%),127.989238,0.333,CACHE_SINGLE,15,0
STANDARD_DATASET,lu_kernel1,A,61440,4096,1072128,0(51.10%);1(46.70%),261.75,0.6828,CACHE_BULK,4096,0
STANDARD_DATASET,lu_kernel2,A,61440,4190380,1072693248,0(33.30%),255.989492,0.333,CACHE_SINGLE,15,0
LARGE_DATASET,lu_kernel1,A,61440,8192,4241408,0(50.60%);1(48.30%),517.75,0.683686,CACHE_BULK,8192,0
LARGE_DATASET,lu_kernel2,A,61440,16769368,8585740288,0(33.30%),511.989497,0.333,CACHE_SINGLE,15,0
EXTRALARGE_DATASET,lu_kernel1,A,61440,16384,10778064,0(50.20%);1(49.50%),657.84082,0.6841,CACHE_BULK,16384,0
EXTRALARGE_DATASET,lu_kernel2,A,61440,67093164,53858085372,0(33.30%),802.73581,0.333,CACHE_SINGLE,15,0