﻿计算负载,核函数名,变量名,预分配空间大小,数据块大小,访存次数,访存步长和占比,访存密度,访存空间局部性,访存策略名,line,set
MINI_DATASET,mvt_kernel1,y_1,55311,4096,1048576,1(99.90%),256.000000,0.367512,CACHE_BULK,4096,0
MINI_DATASET,mvt_kernel1,x1,4840,172,2048,0(51.20%);1(48.80%),11.906977,0.691525,CACHE_BULK,172,0
MINI_DATASET,mvt_kernel1,a,57172,176128,1048576,1(100.00%),5.953488,0.367879,CACHE_SINGLE,15,0
MINI_DATASET,mvt_kernel2,y_2,6294,4096,1048576,0(97.70%),256.000000,0.977000,CACHE_BULK,4096,0
MINI_DATASET,mvt_kernel2,x2,55143,172,1048576,1(97.70%),6096.372093,0.359418,CACHE_BULK,172,0
MINI_DATASET,mvt_kernel2,a,57172,4190380,1048576,1(97.70%),0.250234,0.359418,CACHE_SINGLE,15,0
SMALL_DATASET,mvt_kernel1,y_1,58231,8192,4194304,1(100.00%),512.000000,0.367879,CACHE_BULK,8192,0
SMALL_DATASET,mvt_kernel1,x1,2531,344,4096,0(50.60%);1(49.40%),11.906977,0.687732,CACHE_BULK,344,0
SMALL_DATASET,mvt_kernel1,a,52904,704512,4194304,1(100.00%),5.953488,0.367879,CACHE_SINGLE,15,0
SMALL_DATASET,mvt_kernel2,x2,55144,344,4194304,1(98.80%),12192.744186,0.363465,CACHE_BULK,344,0
SMALL_DATASET,mvt_kernel2,y_2,61085,8192,4194304,0(98.80%),512.000000,0.988000,CACHE_BULK,8192,0
SMALL_DATASET,mvt_kernel2,a,52904,16769368,4194304,1(98.80%),0.250117,0.363465,CACHE_SINGLE,15,0
STANDARD_DATASET,mvt_kernel1,y_1,59786,16384,16777216,1(100.00%),1024.000000,0.367879,CACHE_BULK,16384,0
STANDARD_DATASET,mvt_kernel1,x1,1303,684,8192,0(50.30%);1(49.70%),11.976608,0.685836,CACHE_BULK,684,0
STANDARD_DATASET,mvt_kernel1,a,44372,2801664,16777216,1(100.00%),5.988304,0.367879,CACHE_SINGLE,15,0
STANDARD_DATASET,mvt_kernel2,x2,55177,684,16777216,1(99.40%),24528.093567,0.365672,CACHE_BULK,684,0
STANDARD_DATASET,mvt_kernel2,a,0,67093164,16777216,1(99.40%),0.250059,0.365672,CACHE_UNSUITABLE,0,0
STANDARD_DATASET,mvt_kernel2,y_2,60756,16384,16777216,0(99.40%),1024.000000,0.994000,CACHE_BULK,16384,0
LARGE_DATASET,mvt_kernel1,y_1,60603,32768,67108864,1(100.00%),2048.000000,0.367879,CACHE_BULK,32768,0
LARGE_DATASET,mvt_kernel1,x1,22599,1368,16384,0(50.10%);1(49.90%),11.976608,0.684572,CACHE_BULK,1368,0
LARGE_DATASET,mvt_kernel1,a,27304,11206656,67108864,1(100.00%),5.988304,0.367879,CACHE_SINGLE,14,0
LARGE_DATASET,mvt_kernel2,x2,55177,1368,67108864,1(99.70%),49056.187135,0.366776,CACHE_BULK,1368,0
LARGE_DATASET,mvt_kernel2,a,0,268404056,67108864,1(99.70%),0.250029,0.366776,CACHE_UNSUITABLE,0,0
LARGE_DATASET,mvt_kernel2,y_2,60072,32768,67108864,0(99.70%),2048.000000,0.997000,CACHE_BULK,32768,0
EXTRALARGE_DATASET,mvt_kernel1,y_1,61018,65536,268435456,1(100.00%),4096.000000,0.367879,CACHE_SINGLE,15,0
EXTRALARGE_DATASET,mvt_kernel1,x1,332,2732,32768,0(50.10%);1(49.90%),11.994143,0.684572,CACHE_SINGLE,8,0
EXTRALARGE_DATASET,mvt_kernel1,a,89,44761088,268435456,1(100.00%),5.997072,0.367879,CACHE_SINGLE,6,0
EXTRALARGE_DATASET,mvt_kernel2,x2,55186,2732,268435456,1(99.90%),98256.023426,0.367512,CACHE_BULK,2732,0
EXTRALARGE_DATASET,mvt_kernel2,a,0,1073679020,268435456,1(99.90%),0.250015,0.367512,CACHE_UNSUITABLE,0,0
EXTRALARGE_DATASET,mvt_kernel2,y_2,58708,65536,268435456,0(99.90%),4096.000000,0.999000,CACHE_SINGLE,15,0
