﻿计算负载,核函数名,变量名,预分配空间大小,数据块大小,访存次数,访存步长和占比,访存密度,访存空间局部性,访存策略名,line,set
MINI_DATASET,syr2k_kernel,b,0,131072,4194304,,32.000000,0.000000,CACHE_UNSUITABLE,0,0
MINI_DATASET,syr2k_kernel,c,61440,5464,32768,0(50.10%);1(49.90%),5.997072,0.684572,CACHE_BULK,5464,0
MINI_DATASET,syr2k_kernel,a,0,131072,4194304,,32.000000,0.000000,CACHE_UNSUITABLE,0,0
SMALL_DATASET,syr2k_kernel,b,0,524288,33554432,,64.000000,0.000000,CACHE_UNSUITABLE,0,0
SMALL_DATASET,syr2k_kernel,c,61440,21848,131072,0(50.00%);1(50.00%),5.999268,0.683940,CACHE_BULK,21848,0
SMALL_DATASET,syr2k_kernel,a,0,524288,33554432,,64.000000,0.000000,CACHE_UNSUITABLE,0,0
STANDARD_DATASET,syr2k_kernel,b,0,2097152,268435456,,128.000000,0.000000,CACHE_UNSUITABLE,0,0
STANDARD_DATASET,syr2k_kernel,a,0,2097152,268435456,,128.000000,0.000000,CACHE_UNSUITABLE,0,0
STANDARD_DATASET,syr2k_kernel,c,61440,87384,524288,0(50.00%);1(50.00%),5.999817,0.683940,CACHE_SINGLE,15,0
LARGE_DATASET,syr2k_kernel,b,0,8388608,2147483648,,256.000000,0.000000,CACHE_UNSUITABLE,0,0
LARGE_DATASET,syr2k_kernel,a,0,8388608,2147483648,,256.000000,0.000000,CACHE_UNSUITABLE,0,0
LARGE_DATASET,syr2k_kernel,c,61440,349528,2097152,0(50.00%);1(50.00%),5.999954,0.683940,CACHE_SINGLE,15,0
EXTRALARGE_DATASET,syr2k_kernel,b,0,33554432,17179869184,,512.000000,0.000000,CACHE_UNSUITABLE,0,0
EXTRALARGE_DATASET,syr2k_kernel,a,0,33554432,17179869184,,512.000000,0.000000,CACHE_UNSUITABLE,0,0
EXTRALARGE_DATASET,syr2k_kernel,c,61440,1398104,8388608,0(50.00%);1(50.00%),5.999989,0.683940,CACHE_SINGLE,15,0
