﻿计算负载,核函数名,变量名,预分配空间大小,数据块大小,访存次数,访存步长和占比,访存密度,访存空间局部性,访存策略名,line,set
MINI_DATASET,syrk_kernel,a,0,524288,33554432,,64,0,CACHE_UNSUITABLE,0,0
SMALL_DATASET,syrk_kernel,a,0,2097152,268435456,,128,0,CACHE_UNSUITABLE,0,0
STANDARD_DATASET,syrk_kernel,a,0,8388608,2147483648,,256,0,CACHE_UNSUITABLE,0,0
LARGE_DATASET,syrk_kernel,a,0,18874368,7247757312,,384,0,CACHE_UNSUITABLE,0,0
EXTRALARGE_DATASET,syrk_kernel,a,0,33554432,17179869184,,512,0,CACHE_UNSUITABLE,0,0
MINI_DATASET,syrk_kernel,c,61440,22528,131072,0(50.00%);1(50.00%),5.818182,0.68394,CACHE_BULK,22528,0
SMALL_DATASET,syrk_kernel,c,61440,90112,524288,0(50.00%);1(50.00%),5.818182,0.68394,CACHE_SINGLE,15,0
STANDARD_DATASET,syrk_kernel,c,61440,352256,2097152,0(50.00%);1(50.00%),5.953488,0.68394,CACHE_SINGLE,15,0
LARGE_DATASET,syrk_kernel,c,61440,786432,4718592,0(50.00%);1(50.00%),6,0.68394,CACHE_SINGLE,15,0
EXTRALARGE_DATASET,syrk_kernel,c,61440,1409024,8388608,0(50.00%);1(50.00%),5.953488,0.68394,CACHE_SINGLE,15,0